{
    "pitch": [
        -1.7937788611463252,
        11.58529573052779,
        165.36491538816003,
        59.007278546605846
    ],
    "energy": [
        -1.2274092435836792,
        10.910305976867676,
        41.01846432619933,
        33.41703911410439
    ]
}